Active Directory Implementation,Alert & Monitoring,Anti-Malware -Virus,Cable Management,Cloud Migration,Dark Web Scan Subscription,Data Center Best Practice,Datto Onsite for Workstations,Datto SaaS,Datto Server Backup,Datto Upgrade,DR Best Practice,DUO for VPN,Email Encryption - Proof Point,Email Spam Filtering - ProofPoint,Internet Connectivity - Fiber,Firewall Refresh/Renewal,Hypervisor Upgrade,Internet ConnectIvity - Upgrade,Internet Connectivity - Redundant,IT Management Best Practice,IT Security Best Practice,Location Management,MS SharePoint,MS Teams,MS365 2FA,MS365 Migration,Network Reconfiguration,Network Refresh,PDU Install / Refresh,Security Awareness Training - PII Protect,Server Management,Server Refresh / Cloud Migration,Server Renewal,Server Virtualization,Switch Refresh / Renewal,UPS Installation /Renewal / Upgrade,VMware Renewal / Upgrade / Migration,VoIP,Webroot,WiFi Hardware Refresh/Renewal,WiFi New Configuration,WiFi Reconfiguration,Workstation Management,Workstation OS Upgrade,Workstation Refresh
Address regulatory requirements and audit readiness.,Address regulatory requirements and audit readiness.,Address regulatory requirements and audit readiness.,Ensure business continuity,Mitigate risk of hardware repairs and replacement,Address regulatory requirements and audit readiness.,Elevate security posture,Address regulatory requirements and audit readiness.,Address regulatory requirements and audit readiness.,Address regulatory requirements and audit readiness.,Address regulatory requirements and audit readiness.,Address regulatory requirements and audit readiness.,Address regulatory requirements and audit readiness.,Address regulatory requirements and audit readiness.,Address regulatory requirements and audit readiness.,Network accessibility,Access to current security patches,Access to current security patches,Enterprise Voice Systems,Address regulatory requirements and audit readiness.,Address regulatory requirements and audit readiness.,Address regulatory requirements and audit readiness.,Address regulatory requirements and audit readiness.,Accelerates decision-making,Accelerates decision-making,Address regulatory requirements and audit readiness.,Help automate on- and off-boarding access,Mitigate risks from cyber threat vectors,Mitigate risk of hardware repairs and replacement,Address regulatory requirements and audit readiness.,Address regulatory requirements and audit readiness.,Access to current security patches,Access to current security patches,Access to current security patches,Reduce vulnerabilities,Address regulatory requirements and audit readiness.,Address regulatory requirements and audit readiness.,Access to current security patches,Enterprise Voice Systems,Address regulatory requirements and audit readiness.,Mitigate risk of hardware repairs and replacement,Address regulatory requirements and audit readiness.,Address regulatory requirements and audit readiness.,Address regulatory requirements and audit readiness.,Access to current security patches,Access to current security patches
Create compliance readiness with reports for attesting to authenticated user logins,Elevate security posture,Elevate security posture,Mitigate risk of hardware repairs and replacement,Network accessibility,Elevate security posture,Reduce vulnerabilities,Elevate security posture,Elevate security posture,Elevate security posture,Ensure business continuity,Elevate security posture,Create compliance readiness with reports for attesting to authenticated user logins,Elevate security posture,Elevate security posture,Preparation for installation of new phone system,Address regulatory requirements and audit readiness.,Mitigate risks from cyber threat vectors,Network accessibility,Ensure business continuity,Enterprise Voice Systems,Elevate security posture,Elevate security posture,,,Mitigate risk of data breaches,,Network accessibility,Network accessibility,Mitigate risk of hardware repairs and replacement,Elevate security posture,Address regulatory requirements and audit readiness.,Increase system performance,Address regulatory requirements and audit readiness.,Scalable infrastructure for growth,Mitigate risk of hardware repairs and replacement,Mitigate risk of hardware repairs and replacement,Reduce vulnerabilities,,Elevate security posture,Network accessibility,Network accessibility,Mitigate risk of data breaches,Protect digital assets.,Address regulatory requirements and audit readiness.,Mitigate risk of hardware repairs and replacement
Elevate security posture,Full transparency and control of business applications,Mitigate risk of data breaches,Network accessibility,Scalable infrastructure for growth,Mitigate risk of data breaches,,Ensure business continuity,Ensure business continuity,Ensure business continuity,Increase backup storage capacity,Ensure business continuity,Elevate security posture,Mitigate risk of data breaches,Mitigate risk of data breaches,Reduce vulnerabilities,Elevate security posture,Reduce vulnerabilities,Preparation for installation of new phone system,Enterprise Voice Systems,Protect digital assets.,Network accessibility,Mitigate risk of data breaches,,,Mitigate risks from cyber threat vectors,,Preparation for installation of new phone system,Preparation for installation of new phone system,Protect hardware,Mitigate risk of data breaches,Elevate security posture,Mitigate risk of hardware repairs and replacement,Elevate security posture,,Network accessibility,Protect hardware,Scalable infrastructure for growth,,Mitigate risk of data breaches,Protect digital assets.,Protect digital assets.,Network accessibility,Reduce vulnerabilities,Elevate security posture,Protect digital assets.
Full transparency and control of business applications,Increase system stability and security.,Mitigate risks from cyber threat vectors,Reduce vulnerabilities,,Mitigate risks from cyber threat vectors,,Mitigate risks from cyber threat vectors,Mitigate risks from cyber threat vectors,Mitigate risks from cyber threat vectors,Protect digital assets.,Mitigate risks from cyber threat vectors,Mitigate risk of data breaches,Mitigate risks from cyber threat vectors,Mitigate risks from cyber threat vectors,Scalable infrastructure for growth,Mitigate risk of data breaches,Scalable infrastructure for growth,Reduce vulnerabilities,Network accessibility,Reduce vulnerabilities,Protect digital assets.,Protect digital assets.,,,Protect against simple passwords,,Protect digital assets.,Protect digital assets.,Reduce vulnerabilities,Mitigate risks from cyber threat vectors,Network accessibility,Network accessibility,Increase system performance,,Preparation for installation of new phone system,Reduce vulnerabilities,,,Protect against simple passwords,Reduce vulnerabilities,Reduce vulnerabilities,Protect digital assets.,Scalable infrastructure for growth,Protect digital assets.,Reduce vulnerabilities
Help automate on- and off-boarding access,Mitigate risks from cyber threat vectors,Protect against simple passwords,,,Protect against simple passwords,,Protect digital assets.,Protect digital assets.,Protect digital assets.,Reduce Recovery Time Objectives (RTO) & Recovery Point Objectives (RPO),Protect digital assets.,Mitigate risks from cyber threat vectors,Protect against simple passwords,Protect against simple passwords,,Mitigate risk of hardware repairs and replacement,,Scalable infrastructure for growth,Preparation for installation of new phone system,Scalable infrastructure for growth,Reduce vulnerabilities,Protect hardware,,,Protect digital assets.,,Reduce vulnerabilities,Reduce vulnerabilities,Secure network accessibility,Protect against simple passwords,Protect digital assets.,Protect digital assets.,Mitigate risk of hardware repairs and replacement,,Protect digital assets.,,,,Protect digital assets.,Scalable infrastructure for growth,Secure network accessibility,Reduce vulnerabilities,,Reduce vulnerabilities,
Increase system stability and security.,Protect digital assets.,Protect digital assets.,,,Protect digital assets.,,Reduce vulnerabilities,Reduce Recovery Time Objectives (RTO) & Recovery Point Objectives (RPO),Reduce Recovery Time Objectives (RTO) & Recovery Point Objectives (RPO),Reduce vulnerabilities,Reduce Recovery Time Objectives (RTO) & Recovery Point Objectives (RPO),Network accessibility,Protect digital assets.,Protect digital assets.,,Mitigate risks from cyber threat vectors,,,Reduce vulnerabilities,,Secure network accessibility,Reduce vulnerabilities,,,Reduce vulnerabilities,,Secure remote access,Scalable infrastructure for growth,,Protect digital assets.,Protect hardware,Reduce vulnerabilities,Network accessibility,,Reduce vulnerabilities,,,,Reduce vulnerabilities,Secure network accessibility,,Secure network accessibility,,,
Mitigate risk of data breaches,Protect hardware,Protect hardware,,,Reduce vulnerabilities,,,Reduce vulnerabilities,Reduce vulnerabilities,Scalable infrastructure for growth,Reduce vulnerabilities,Protect against simple passwords,Reduce vulnerabilities,Reduce vulnerabilities,,Network accessibility,,,Scalable infrastructure for growth,,Secure remote access,Secure remote access,,,Secure network accessibility,,,Secure network accessibility,,Reduce vulnerabilities,Reduce vulnerabilities,Scalable infrastructure for growth,Protect digital assets.,,Secure remote access,,,,,,,,,,
Mitigate risks from cyber threat vectors,Reduce vulnerabilities,Secure network accessibility,,,,,,,,,Secure network accessibility,Protect digital assets.,,,,Preparation for installation of new phone system,,,,,,,,,Secure remote access,,,Secure remote access,,,,,Reduce vulnerabilities,,,,,,,,,,,,
Network accessibility,Secure network accessibility,,,,,,,,,,,Reduce vulnerabilities,,,,Reduce vulnerabilities,,,,,,,,,,,,,,,,,,,,,,,,,,,,,
Protect against simple passwords,,,,,,,,,,,,Secure network accessibility,,,,Scalable infrastructure for growth,,,,,,,,,,,,,,,,,,,,,,,,,,,,,
Reduce vulnerabilities,,,,,,,,,,,,Secure remote access,,,,Secure network accessibility,,,,,,,,,,,,,,,,,,,,,,,,,,,,,
Secure network accessibility,,,,,,,,,,,,,,,,,,,,,,,,,,,,,,,,,,,,,,,,,,,,,